"-1","-1","Unknown","Unknown station","0000-00-00 00:00:00","0","0","0","0"
"0","0","Virtual","Virtual station","0000-00-00 00:00:00","0","0","0","0"
"1001","134284265","Terreaux / Terme","Angle rue d Algérie","2005-05-24 00:00:00","2088340","794096","45.7677","4.83216"
"1002","134284266","Opéra","Angle rue Serlin - Angle place de la comédie","2005-09-17 00:00:00","2088290","794407","45.7675","4.83628"
"1003","134284267","Place Sathonay","Angle nord-ouest de la place","2006-06-09 00:00:00","2088450","793963","45.7693","4.83008"
"1005","134284269","Meissonnier","Place Meissonier - Angle Sud-Est de la place","2005-05-25 00:00:00","2088170","794151","45.7661","4.83279"
"1006","134284270","Subsistances","En face du n°14 quai Saint-Vincent","2007-10-26 00:00:00","2088340","793125","45.7679","4.81981"
"1012","134284276","Ampère / Bourse","Rue de la Bourse - Long du Collège-Lycée Ampère","2005-09-28 00:00:00","2088200","794473","45.7658","4.83689"
"1013","134284277","Martinière","Rue de la Martinière","2005-05-24 00:00:00","2088400","793715","45.7682","4.82759"
"1016","134284280","Pêcherie","Rue de la Platière - Angle quai de la Pêcherie","2005-05-24 00:00:00","2088140","794018","45.7659","4.83125"
"1020","134284284","Terreaux / Chenavard","Rue Chenavard - Côté place des Terreaux","2005-05-24 00:00:00","2088270","794157","45.7669","4.83291"
"1021","134284285","Terreaux / Beaux Arts","Rue Herriot - Devant Musée des Beaux Arts","2005-06-17 00:00:00","2088280","794265","45.7669","4.83428"
"1022","134284286","Place Tolozan","Place Tolozan - Angle nord-est de la place","2005-10-08 00:00:00","2088620","794487","45.7696","4.83766"
"1023","134284287","Croix Rousse / Perfetti","Face au n°23 bd de la Croix-Rousse","2006-06-13 00:00:00","2088820","793074","45.7723","4.81949"
"1024","134284288","Rouville","rue de l Annoncia","2006-08-15 00:00:00","2088540","793497","45.7697","4.82463"
"1031","134284295","Place de la Paix","Place de la Paix - En face de La Poste","2005-10-06 00:00:00","2088380","794060","45.768","4.83173"
"1032","134284296","Pizay","17 rue Piz","2006-07-05 00:00:00","2088300","794415","45.7672","4.83639"
"1034","134284298","Carmélites / Burdeau","Face au n°30 montée des Carmélites","2006-06-10 00:00:00","2088590","793869","45.7701","4.82922"
"1035","134284299","Quai Lassagne","3 quai André Lassagne","2007-10-25 00:00:00","2088850","794513","45.7722","4.83791"
"1036","134284300","Aveyron","44 bd de la Croix-Rousse","2007-10-23 00:00:00","2089090","794161","45.7743","4.83261"
"2001","134285265","Bellecour / République","Angle République / rue de la Barre","2005-09-17 00:00:00","2087270","794318","45.758","4.83463"
"2002","134285266","Bellecour / St Exupéry","Côté rue Lintier","2005-09-17 00:00:00","2087300","793996","45.7583","4.83044"
"2003","134285267","Place Ampère","Angle Henry IV","2005-09-23 00:00:00","2086710","793842","45.753","4.82826"
"2004","134285268","Perrache / Carnot","Côté ouest","2005-07-18 00:00:00","2086390","793743","45.7502","4.82688"
"2005","134285269","2005 - CONFLUENCE HÔTEL DE RÉGION",,"0000-00-00 00:00:00","2085330","793198","45.740484","4.819125"
"2006","134285270","Place de l hippodrome","Angle cours Charlemagne","2005-06-30 00:00:00","2085860","793501","45.7456","4.82353"
"2007","134285271","Patinoire Charlemagne","Angle rue Casimir Périer","2005-06-23 00:00:00","2085520","793286","45.7426","4.82048"
"2008","134285272","Place Antonin Poncet","Côté rue des Marroniers","2005-05-24 00:00:00","2087130","794259","45.7568","4.83384"
"2009","134285273","2009 - CONFLUENCE DOCKS",,"0000-00-00 00:00:00","2085270","792889","45.739653","4.814941"
"2010","134285274","02010 - CONFLUENCE ÔRSE",,"0000-00-00 00:00:00","2085580","792897","45.741525","4.815123"
"2011","134285275","Sala / Rue de Plat","Face à la faculté catholique","2005-05-24 00:00:00","2087120","793848","45.7568","4.82837"
"2012","134285276","Gailleton","4 place Gailleton","2006-09-14 00:00:00","2086760","794248","45.7535","4.83335"
"2013","134285277","Célestins","Côté nord de la pla","2005-05-25 00:00:00","2087480","794117","45.76","4.83199"
"2014","134285278","Jacobins","6 rue Jean de Tourn","2006-12-07 00:00:00","2087580","794276","45.7607","4.83428"
"2015","134285279","Place de la République","Côté est de la place","2005-05-23 00:00:00","2087590","794422","45.7609","4.83617"
"2016","134285280","Place Regaud","Angle rue Tupin / rue Herriot","2005-05-24 00:00:00","2087850","794281","45.7631","4.83428"
"2017","134285281","République / Ferrandière","Rue de la République","2005-08-31 00:00:00","2087750","794406","45.7622","4.83596"
"2022","134285286","Place Carnot","Angle rue Plessier","2005-10-19 00:00:00","2086500","793727","45.7512","4.82685"
"2023","134285287","Hugo / Ste Hélène","Entre rue Victor Hugo et rue d Auvergne","2005-05-23 00:00:00","2086890","793969","45.7547","4.82989"
"2024","134285288","République / Maupin","Entre Herriot et République","2005-05-27 00:00:00","2087360","794282","45.7587","4.83407"
"2025","134285289","Mercière / Ferrandière","Entre rue de Brest et rue Mercière","2005-05-25 00:00:00","2087720","794187","45.7621","4.8332"
"2026","134285290","République / Paufique","Angle rue de la République","2005-05-23 00:00:00","2087430","794373","45.7594","4.8354"
"2028","134285292","Sainte Blandine","Face station tram Sainte Blandine","2005-09-16 00:00:00","2085740","793404","45.7444","4.82214"
"2030","134285294","République / Poulaillerie","Angle Poulaillerie / République","2005-05-24 00:00:00","2087950","794382","45.7641","4.83552"
"2035","134285299","Childebert / République","Rue Marcel Gabriel Rivière","2006-09-24 00:00:00","2087510","794401","45.7599","4.83575"
"2036","134285300","Place Gourjus","11 place Gourjus","2007-11-01 00:00:00","2087420","793967","45.7595","4.83014"
"2037","134285301","Place des Archives","18 rue Dugas Montbel","2006-07-21 00:00:00","2086140","793590","45.7479","4.82491"
"2038","134285302","Hugo / Ainay","16 rue des remparts d Ain","2006-06-10 00:00:00","2086720","793931","45.7531","4.82956"
"2039","134285303","Charité / Récamier","Rue de la Charit","2006-07-22 00:00:00","2086290","793977","45.7492","4.82986"
"2040","134285304","Quai Saint Antoine","Face au n°10 quai Saint Antoi","2007-09-09 00:00:00","2087890","794085","45.7636","4.8319"
"2041","134285305","Sala / Charité","Face au n°52 rue Sala","2007-09-20 00:00:00","2086870","794246","45.7545","4.83301"
"2042","134285306","Joffre / Vaubecour",,"2007-09-20 00:00:00","2086660","793573","45.7518","4.82468"
"3001","134286265","Part-Dieu / Vivier Merle","Derrière la station de tram","2005-05-23 00:00:00","2087570","796182","45.7603","4.85859"
"3002","134286266","Part-Dieu / Gare SNCF",,"2006-03-16 00:00:00","2087550","796208","45.7602","4.85873"
"3003","134286267","Part-Dieu / Deruelle","Face rue Massé","2005-05-24 00:00:00","2087880","795897","45.763","4.85498"
"3004","134286268","Bourse du Travail","Angle rue Moncey / Part-Dieu","2005-05-27 00:00:00","2087490","795370","45.7597","4.84806"
"3005","134286269","Saxe-Gambetta","Place Victor Basch","2005-09-15 00:00:00","2086820","795378","45.7538","4.84804"
"3007","134286271","Place d Arsonval","A côté du stand de fleurs","2005-05-23 00:00:00","2085740","797811","45.7434","4.8789"
"3008","134286272","Institut Lumière","Place Ambroise Courtois","2006-09-26 00:00:00","2086000","797196","45.7458","4.87068"
"3009","134286273","Musée Africain","133 cours Gambetta","2006-01-10 00:00:00","2086490","796140","45.7503","4.85792"
"3010","134286274","Part-Dieu / Cuirassiers","Angle rue Bouchut","2005-08-23 00:00:00","2087470","795971","45.7595","4.85592"
"3012","134286276","Place du Château","A côté de l église","2005-07-30 00:00:00","2086480","798452","45.7495","4.88727"
"3013","134286277","Place Antoinette","Place Antoinette","2005-07-21 00:00:00","2086920","798571","45.7536","4.88902"
"3015","134286279","Servient / Garibaldi","Angle rue Garibaldi","2005-05-26 00:00:00","2087620","795717","45.7608","4.85251"
"3016","134286280","Liberté / Part-Dieu","Angle rue de la Part-Dieu","2005-06-13 00:00:00","2087440","794915","45.7593","4.84222"
"3018","134286282","Créqui / Voltaire","Angle rue Paul Bert","2005-08-26 00:00:00","2087190","795401","45.7567","4.8484"
"3021","134286285","Place de la Ferrandière","Intersection Ferrandière/Jasseron","2005-07-18 00:00:00","2087530","797056","45.7597","4.86976"
"3024","134286288","Rockefeller / Esquirol","Intersection Rockefeller / Esquirol","2005-08-05 00:00:00","2085520","798321","45.7414","4.88537"
"3029","134286293","Place Aristide Briand","Angle Gambetta","2005-05-30 00:00:00","2086750","795552","45.753","4.85024"
"3031","134286295","Corneille / Servient","Angle rue Servient","2005-05-27 00:00:00","2087490","795082","45.7599","4.84451"
"3032","134286296","Lafayette / Créqui","Angle cours Lafayette","2005-05-27 00:00:00","2087910","795277","45.7635","4.84712"
"3037","134286301","Paul Bert / Garibaldi","Rue Paul Bert","2005-05-23 00:00:00","2087220","795793","45.7571","4.85347"
"3038","134286302","Vivier Merle / Paul Bert","Devant le bâtiment de la CAFAL","2005-06-23 00:00:00","2087260","796208","45.7572","4.85893"
"3039","134286303","Place Bir-Hakeim","Au niveau de la rue Duvivier","2005-05-24 00:00:00","2086740","795987","45.7526","4.85571"
"3043","134286307","Place Rouget de l Isle","Avenue Lacassagne","2005-07-21 00:00:00","2086960","796859","45.754","4.86723"
"3044","134286308","Quai Augagneur","Entre rue de Bonnel et rue Rabelais","2005-09-28 00:00:00","2087620","794834","45.762","4.84105"
"3051","134286315","Place Henri","Angle rue Docteur Long/av. Lacassagne","2005-07-22 00:00:00","2086290","797940","45.7482","4.88056"
"3053","134286317","Gambetta / Jusserand","Angle cours Gambetta","2005-06-20 00:00:00","2086550","795973","45.7511","4.85558"
"3058","134286322","Place du Lac","Face à la poste","2005-06-28 00:00:00","2087400","795791","45.7588","4.85388"
"3066","134286330","Kimmerling / Faure","Angle avenue Félix Faure / rue Jean-Pierre Lévy","2007-05-16 00:00:00","2086940","796612","45.7543","4.86346"
"3067","134286331","Hachette","Devant n°2 rue Renoir","2006-06-19 00:00:00","2086800","796601","45.7529","4.86396"
"3071","134286335","Bioparc","Avenue Rockfell","2007-10-14 00:00:00","2085460","798552","45.7404","4.88821"
"3079","134286343","Place Louise","Face au n°4 place Louise","2007-09-20 00:00:00","2086610","798251","45.7512","4.88482"
"3080","134286344","Part-Dieu / Villette",,"2007-09-29 00:00:00","2087570","796398","45.7601","4.86175"
"3082","134286346","Place Bahadourian",,"2006-07-26 00:00:00","2087250","795137","45.7576","4.84511"
"3083","134286347","Les Halles","183 rue André Philip","2007-10-31 00:00:00","2087740","795526","45.7615","4.85048"
"3084","134286348","Desaix","Face à la Maison de l Enfance","2006-07-05 00:00:00","2087240","795990","45.7573","4.8552"
"3085","134286349","Sacré Coeur","Au niveau du n°66 rue Charrial","2006-10-06 00:00:00","2087190","796938","45.7578","4.86839"
"3086","134286350","Feuillat / Lacassagne","Face au n°115 avenue Lacassagne","2006-09-23 00:00:00","2086440","797557","45.7496","4.87602"
"3087","134286351","Part-Dieu / Garibaldi","Face au n°4 bd Eugène Deruelle","2006-07-29 00:00:00","2087850","795687","45.7628","4.8523"
"3088","134286352","Place Guichard","Face au n°51 rue Moncey","2006-09-01 00:00:00","2087400","795258","45.7588","4.84654"
"3089","134286353","Trarieux / Lacassagne","221 avenue Lacassagne","2007-04-28 00:00:00","2086000","798594","45.7453","4.88896"
"3090","134286354","Vinatier","Angle bd Pinel / avenue d Esquir","2007-06-20 00:00:00","2085620","798946","45.7419","4.8935"
"3091","134286355","Hôpital Neurologique","59 bd Pinel","2007-10-25 00:00:00","2086380","799214","45.7482","4.89695"
"3094","134286358","Villette / Paul Bert","74 rue de la Villette","2007-10-26 00:00:00","2087300","796404","45.7578","4.86169"
"3097","134286361","Augagneur / Fosse aux Our","Angle quai Augagneur / pont de la Guillotière","2007-02-19 00:00:00","2087170","794735","45.7572","4.84037"
"3099","134286363","Place Sainte Anne","230 rue Paul Bert","2007-10-09 00:00:00","2087270","796694","45.757","4.86544"
"3100","134286364","Sisley / Dauphiné","Face au n°4 rue Paul Sisley","2007-09-18 00:00:00","2086780","796978","45.7528","4.8688"
"3101","134286365","Patinoire Baraban","52 rue Baraban","2007-09-30 00:00:00","2087770","796912","45.7625","4.8686"
"3102","134286366","Dr Long / Aubépins","2 rue de la Caille","2007-10-27 00:00:00","2086700","798766","45.7526","4.89425"
"3103","134286367","Place Danton","4 place Danton","2007-09-30 00:00:00","2086980","796117","45.7548","4.85754"
"4001","134287265","Conservatoire","Au sud du n°1 quai Joseph Gillet","2007-09-22 00:00:00","2088620","792697","45.7704","4.81424"
"4002","134287266","Mairie du 4°","Devant la mairie du 4°","2005-05-23 00:00:00","2089050","793713","45.7742","4.82776"
"4003","134287267","Place Commandant  Arnaud","Angle rue de Belfort","2005-08-22 00:00:00","2089690","794259","45.7797","4.83478"
"4004","134287268","Hénon","Angle rue Hénon","2005-05-23 00:00:00","2089670","793700","45.7797","4.82763"
"4005","134287269","Place Bertone","Rue du Chariot d Or","2005-05-24 00:00:00","2089460","794242","45.7776","4.83469"
"4006","134287270","Philippe de Lasalle","Angle rue Ansel","2005-05-25 00:00:00","2089060","793216","45.7733","4.82131"
"4007","134287271","Place Flammarion","Côté Rue Philippe de Lassalle","2005-06-29 00:00:00","2089600","793118","45.7793","4.82024"
"4009","134287273","Jacquard / Denfert-Rocher","Rue Denfert-Rochereau / Angle rue Jacquart","2005-07-09 00:00:00","2089240","793554","45.7759","4.82542"
"4011","134287275","Place Jean Ambre","Place Jean Ambre","2005-05-23 00:00:00","2089880","794102","45.7815","4.83284"
"4012","134287276","Place Adrien Godien","Angle montée de la Boucle","2005-09-24 00:00:00","2089660","794741","45.7792","4.84095"
"4014","134287278","Philippe de Lassalle / Pi","Angle rue Pillement","2005-07-11 00:00:00","2089390","793148","45.7774","4.82049"
"4017","134287281","Place des Tapis","Angle Bvd de la Croix-Rousse","2005-07-05 00:00:00","2089270","793861","45.7761","4.82947"
"4021","134287285","Tabareau","Angle Bvd de la Croix-Rousse","2005-07-23 00:00:00","2089030","793529","45.7741","4.82519"
"4022","134287286","Place de la Croix-Rousse","Prox. Grande rue de la Croix-Rousse","2005-08-18 00:00:00","2089270","794100","45.7761","4.8325"
"4023","134287287","Pont Mazaryk","Face au 45 quai Gillet","2006-06-12 00:00:00","2089460","792382","45.7782","4.81064"
"4025","134287289","Parc Cerisaie","Rue Chazière","2006-09-13 00:00:00","2089160","792962","45.7754","4.81787"
"4041","134287305","Boussange / Austerlitz","1bis rue Aimé Boussange","2007-11-24 00:00:00","2089220","794297","45.7755","4.83506"
"4042","134287306","Stade Grégory Coupet","63 rue Philippe de Lassalle","2007-10-31 00:00:00","2089930","793135","45.7818","4.8206"
"5001","134288265","Place Varillon (funiculai","Devant le n°63 rue de Trion","2006-07-07 00:00:00","2087140","792799","45.7572","4.8153"
"5002","134288266","Place des Compagnons de l","Angle rue des Aqueducs","2005-07-14 00:00:00","2087020","791352","45.7565","4.79669"
"5004","134288268","St Jean","Entre la cathédrale et le funiculaire","2005-05-27 00:00:00","2087510","793671","45.7605","4.82656"
"5005","134288269","Saint Paul","Près de la gare de St Paul","2005-09-17 00:00:00","2088160","793728","45.7663","4.82736"
"5006","134288270","Quai Romain Rolland","Face ancien Palais de Justice","2005-07-06 00:00:00","2087710","793855","45.7621","4.82884"
"5007","134288271","Place de Trion","Place de Trion","2005-09-28 00:00:00","2087230","792634","45.7579","4.81318"
"5008","134288272","Sainte Irénée","Place Sainte Irénée","2005-10-30 00:00:00","2086840","792608","45.7554","4.81272"
"5009","134288273","Place Fousseret","angle quai de Bondy","2005-06-27 00:00:00","2088000","793855","45.7647","4.82894"
"5015","134288279","Fulchiron","Devant le n°41 rue de la Quarantaine","2006-06-27 00:00:00","2086560","793336","45.752","4.82166"
"5016","134288280","Mairie du 5°","Devant la mairie du 5°","2005-06-24 00:00:00","2087090","791648","45.7576","4.80096"
"5026","134288290","Rue de la Baleine","Angle quai Romain Rolland","2005-07-18 00:00:00","2087860","793865","45.7635","4.82896"
"5029","134288293","Place Gerson","Prox. Quai Pierre Scize","2005-09-21 00:00:00","2088260","793721","45.767","4.82698"
"5030","134288294","Charcot / Résidence Unive","Angle rue du fort Ste Irénée / Charcot","2005-09-23 00:00:00","2086920","792344","45.7548","4.80737"
"5031","134288295","Ménival / Joliot Curie","Rue Joliot Curie","2007-11-01 00:00:00","2086790","790738","45.7547","4.78824"
"5033","134288297","César Geoffray",,"2006-10-17 00:00:00","2086210","790427","45.75","4.7841"
"5036","134288300","La Salette","Rue du commandant Charcot","2006-10-14 00:00:00","2086240","791292","45.7497","4.79561"
"5040","134288304","Place Crépu","127 quai Fulchiron","2007-01-31 00:00:00","2087230","793654","45.7579","4.82622"
"5041","134288305","L Homme de la Roche","55 quai Pierre Scize","2007-09-09 00:00:00","2088190","793154","45.7666","4.82001"
"5044","134288308","Champvert","85 rue du docteur Locard","2007-10-23 00:00:00","2087390","791335","45.7598","4.79662"
"5045","134288309","Valdo / Rivet","Rue Jeunet","2007-11-04 00:00:00","2086320","790782","45.7505","4.78877"
"5047","134288311","Albéric Pont","2bis rue du docteur Albéric Pont","2007-10-11 00:00:00","2086700","791995","45.7534","4.80446"
"5049","134288313","Lycée Branly","Rue Mère Elisabeth Rivet","2007-11-01 00:00:00","2086640","791093","45.7533","4.79285"
"5050","134288314","Théâtres Romains","50 rue de l Antiquaille","2007-10-27 00:00:00","2087280","793258","45.7584","4.82108"
"5053","134288317","Saint Just","Face au n°8 rue de Trion","2007-10-10 00:00:00","2087010","793110","45.7561","4.81931"
"5054","134288318","Champvert","192 avenue Barthélémy Buyer","2007-11-04 00:00:00","2087800","791220","45.7639","4.79271"
"5055","134288319","Buyer / Apollinaire","150m à l ouest du 101 avenue Barthélémy Buyer","2007-10-30 00:00:00","2087680","791798","45.7618","4.80306"
"6001","134289265","6001 - GARE DES BROTTêUX",,"0000-00-00 00:00:00","2088330","796191","45.766969","4.858854"
"6002","134289266","Porte des Enfants du Rhôn","Le long des grill","2005-06-04 00:00:00","2089430","795025","45.7774","4.84488"
"6003","134289267","Avenue Verguin","Devant l entrée du parc","2005-05-27 00:00:00","2088970","795971","45.7729","4.85632"
"6004","134289268","Foch","Angle rue Vendôme","2005-05-27 00:00:00","2088520","795069","45.7689","4.84476"
"6005","134289269","Place Edgar Quinet","Devant le lycée","2005-05-27 00:00:00","2088170","795080","45.7658","4.84473"
"6006","134289270","Boulevard des Belges","Boulevard des Belges - Angle rue Duquesne","2005-05-30 00:00:00","2089010","795588","45.7733","4.85183"
"6007","134289271","Masséna","Angle Cours Vitton","2005-08-08 00:00:00","2088620","795662","45.7696","4.85241"
"6008","134289272","Gare des Brotteaux","Place Jules Fer","2007-08-28 00:00:00","2088460","796193","45.7684","4.85907"
"6011","134289275","Mairie du 6°","Angle rue Boileau","2005-06-15 00:00:00","2088460","795425","45.7684","4.8495"
"6012","134289276","Place Puvis de Chavannes","Angle rue Vendôme","2005-05-27 00:00:00","2088830","795052","45.7718","4.84458"
"6016","134289280","Viabert / Thiers","Angle avenue Thiers","2005-09-19 00:00:00","2088270","796415","45.766","4.86209"
"6020","134289284","Musée Guimet","Angle rue Morellet","2005-08-01 00:00:00","2089070","795461","45.7745","4.84838"
"6021","134289285","Garibaldi","Entre rue Crillon et rue Sully","2005-09-26 00:00:00","2088710","795475","45.7709","4.84997"
"6022","134289286","Place Maréchal Lyautey","Pierre Corneille/cours Franklin Roosevelt","2005-06-09 00:00:00","2088440","794921","45.7688","4.84254"
"6023","134289287","Quai Sarail","Niveau rue de Sèze","2005-06-18 00:00:00","2088330","794775","45.7668","4.84114"
"6024","134289288","Tronchet / Anatole France","Angle bvd Anatole France","2005-05-31 00:00:00","2088760","796125","45.7707","4.85678"
"6028","134289292","Recammier / Tête d Or","Angle rue Tête d Or","2005-08-02 00:00:00","2088040","795789","45.7644","4.85343"
"6031","134289295","Lafayette / Corneille","Angle cours Lafayette","2005-07-27 00:00:00","2087940","795090","45.7638","4.84374"
"6032","134289296","Préfecture / Sarrail","Angle rue Vauban","2005-05-27 00:00:00","2088050","794841","45.7648","4.84161"
"6035","134289299","Cité Internationale","Face parvis du palais des congrès","2005-10-27 00:00:00","2090400","795774","45.7854","4.85412"
"6036","134289300","Musée d Art Contemporain","Allée Achille Lignon","2005-09-29 00:00:00","2090280","795543","45.7839","4.85245"
"6037","134289301","Cité Internationale / Int","Allée Achille Lignon","2005-09-29 00:00:00","2089870","795190","45.7823","4.84934"
"6040","134289304","Les Halles","A proximité de la place de l Europe","2006-10-11 00:00:00","2087990","795486","45.7642","4.84987"
"6041","134289305","Cité Internationale / Têt","Allée Achille Lignon","2007-07-26 00:00:00","2090420","796189","45.7846","4.85964"
"6042","134289306","Cité Internationale / Rés","Allée Achille Lignon","2007-09-30 00:00:00","2090420","795966","45.7849","4.85561"
"6043","134289307","Cité Internationale / Cin",,"0000-00-00 00:00:00","2090330","795556","45.7847","4.85221"
"6044","134289308","Charmettes / Bellecombe","Angle rue de la Viabert / rue Sainte-Geneviève","2007-05-18 00:00:00","2088280","796622","45.7664","4.86508"
"6045","134289309","Brotteaux / Vauban","44 bd des Brotteaux","2007-09-25 00:00:00","2088250","796009","45.7663","4.85683"
"7001","134290265","Place Gabriel Péri","Place Gabriel Péri","2005-05-25 00:00:00","2086950","795037","45.7549","4.84374"
"7002","134290266","Universités Lyon III / Ly","Quai Claude Bernard","2005-09-05 00:00:00","2086520","794458","45.7513","4.83635"
"7003","134290267","Gambetta / Garibaldi","Cours Gambette - Prolongement rue Rachais","2005-05-26 00:00:00","2086620","795765","45.7518","4.85253"
"7004","134290268","Mairie du 7ème","Place Jean Macé - Face à la mairie","2005-06-15 00:00:00","2085980","794944","45.7462","4.84198"
"7005","134290269","Debourg","Avenue Debourg - Angle avenue Jean Jaurès","2005-05-26 00:00:00","2084310","794316","45.7315","4.83328"
"7006","134290270","Gerland","Avenue Jean Jaurès - Au niveau du square Galtier","2005-05-27 00:00:00","2083820","794142","45.7272","4.83104"
"7007",NULL,"Farge / Ayasse","117 bd Yves farge","2007-09-22 00:00:00",NULL,NULL,"45.7357","4.82769"
"7008","134290272","Jean Jaurès / Guillotière","Avenue Jean Jaurès - Angle rue de la Guillotière","2005-08-04 00:00:00","2086710","795253","45.7526","4.84634"
"7009","134290273","Jean Jaurès","Avenue Jean Jaurès - Proche métro Jean Jaurès","2005-08-01 00:00:00","2084970","794604","45.7378","4.83758"
"7010","134290274","Centre Berthelot","Rue Pasteur - Angle avenue Berthelot","2005-07-12 00:00:00","2086090","794464","45.7474","4.83605"
"7011","134290275","Berthelot / Garibaldi","Rue Garibaldi - Angle avenue Berthelot","2005-05-25 00:00:00","2085720","795355","45.7437","4.84727"
"7012","134290276","Place des Pavillons","Place des Pavillons - Devant la bibliothèque","2005-07-24 00:00:00","2084130","794018","45.7295","4.82969"
"7013","134290277","Halle Tony Garnier","Avenue Tony Garnier angle voie nouvelle (100 m après angle avenue Debourg)","2006-06-02 00:00:00","2084300","793575","45.7313","4.82393"
"7014","134290278","Marseille / Félissent","Rue Felisse","2005-07-29 00:00:00","2086690","794872","45.753","4.84137"
"7016","134290280","Place Saint Louis","Rue de la Madeleine - Angle rue St Lazarre","2005-09-15 00:00:00","2086300","795391","45.7488","4.84757"
"7018","134290282","Lycée Louise Labbe",,"0000-00-00 00:00:00","2085310","794176","45.7403","4.83211"
"7020","134290284","Parc de Gerland","Allée Pierre de Coubertin","2005-09-19 00:00:00","2083400","793977","45.7241","4.82713"
"7021","134290285","Challemel Lacour / Gerlan","Rue de Gerland - Angle rue Challemel Lacour","2005-09-21 00:00:00","2084140","794688","45.7298","4.83813"
"7022","134290286","Jaurès / Lagrange",,"2007-04-25 00:00:00","2085740","794891","45.744","4.84127"
"7023","134290287","Berthelot / Route de Vien","Route de Vienne - Angle avenue Berthelot","2005-09-16 00:00:00","2085590","795628","45.7426","4.85051"
"7024","134290288","Bancel / Chevreul",,"2007-06-24 00:00:00","2086230","794815","45.7485","4.84056"
"7030","134290294","Quartier Général Frère",,"0000-00-00 00:00:00","2085630","794348","45.7432","4.83425"
"7031","134290295","Jaurès / Gerland","Place Jean JaurÃ","2007-05-30 00:00:00","2085260","794820","45.7399","4.84037"
"7033","134290297","St Luc / St Joseph","Sur le quai haut","2005-09-22 00:00:00","2086280","794324","45.7498","4.83512"
"7034","134290298","Piscine du Rhône","Sur le quai devant l entrée de la piscine","2005-09-22 00:00:00","2086840","794629","45.7537","4.83832"
"7035","134290299","Marseille / Université","Angle rue de Marseille","2005-05-27 00:00:00","2086480","794724","45.7509","4.83936"
"7038","134290302","Place Stalingrad","Angle Rue de la Guillotiere","2005-09-15 00:00:00","2086380","795767","45.7496","4.85299"
"7039","134290303","Guillotière / Madeleine","Angle rue de la Madeleine","2005-07-24 00:00:00","2086530","795389","45.751","4.84804"
"7041","134290305","Domer / Chevreul","Rue Domer/angle rue Chevreul","2005-08-30 00:00:00","2086040","795133","45.7467","4.84448"
"7045","134290309","Parc des Berges","Face au n°40 avenue Leclerc","2007-09-21 00:00:00","2085010","793601","45.7378","4.82448"
"7046","134290310","Place de l Ecole","Angle rue de St Cloud","2005-09-20 00:00:00","2084160","793889","45.7301","4.82779"
"7049","134290313","Cité Scolaire Internation","26 avenue Tony Garnier","2006-06-08 00:00:00","2084000","793577","45.7283","4.82365"
"7052","134290316","Université Lyon I","50 avenue Tony Garnier","2006-07-06 00:00:00","2083780","793817","45.7267","4.82612"
"7053","134290317","Jaurès / Thibaudière",,"2006-08-22 00:00:00","2086460","795162","45.7503","4.84519"
"7055","134290319","Servant / Jaboulay","Face au n°30 rue Renan","2006-10-11 00:00:00","2086060","794946","45.7468","4.84201"
"7056","134290320","Place Raspail","Angle cours Gambetta","2007-04-27 00:00:00","2087020","794775","45.7558","4.84069"
"7057","134290321","Jaurès / Bollier","Face au n°219 avenue Jean Jaurès","2007-10-10 00:00:00","2084680","794460","45.7347","4.83545"
"7061","134290325","Jaurès / Université",,"2007-09-09 00:00:00","2086240","795042","45.7485","4.84324"
"7062","134290326","Garibaldi / Domer",,"2007-10-13 00:00:00","2086180","795689","45.7477","4.85159"
"7064","134290328","CROUS","Angle rue Chevreul et rue Camille Roy","2007-09-10 00:00:00","2085910","795408","45.7454","4.84786"
"8001","134291265","Université Lyon III","Devant entrée principale de l université","2005-06-01 00:00:00","2086280","796447","45.7483","4.86149"
"8002","134291266","Place Ambroise Courtois","Face au cours Albert Thomas","2005-10-10 00:00:00","2085950","797251","45.7453","4.87159"
"8003","134291267","Claude Bernard Lyon I","Devant entrée de la fac","2005-06-18 00:00:00","2085270","798419","45.7386","4.88658"
"8004","134291268","Mairie du 8°","Devant la mairie du 8°","2005-05-27 00:00:00","2084850","797329","45.7352","4.87269"
"8006","134291270","Place du 8 mai 1945","Rue Professeur Beauvisage/Angle bd des Etats-Unis","2005-07-05 00:00:00","2084200","797007","45.7297","4.86775"
"8007","134291271","Frères Lumière","Angle rue Villon","2005-06-29 00:00:00","2085900","796836","45.745","4.86643"
"8008","134291272","Beauvisage / Pressensé","Rue du Professeur Beauvisage","2006-05-09 00:00:00","2083990","796654","45.7279","4.86351"
"8009","134291273","Jean XXIII / Mermoz","Boulevard Jean XXIII - Angle de la rue Mermoz","2006-06-09 00:00:00","2084960","797147","45.7366","4.86991"
"8010","134291274","Place Mendès France",,"0000-00-00 00:00:00","2085300","796315","45.74","4.85946"
"8011","134291275","Place Lebret","Côté route de Vienne","2005-07-05 00:00:00","2084810","795833","45.7355","4.85304"
"8015","134291279","Boulevard Jean XXIII","Angle bd Jean XXIII et rue Maryse Bastié","2007-09-11 00:00:00","2085380","797439","45.7403","4.87418"
"8020","134291284","Moulin à Vent","Angle rue du Moulin à Vent / route de Vienne","2007-06-17 00:00:00","2084220","795924","45.7299","4.85387"
"8021","134291285","Paul Santy","Place Général André - Face au 126 avenue Paul Santy","2006-05-10 00:00:00","2084060","797773","45.7283","4.87762"
"8024","134291288","Mermoz / Michelet","Angle av Michelet","2005-06-27 00:00:00","2084630","797858","45.7332","4.87863"
"8025","134291289","Santos Dumont / Louis Jou",,"2006-04-07 00:00:00","2085840","796440","45.7445","4.86099"
"8029","134291293","8029 - ETATS UNIS LEVIGNE",,"0000-00-00 00:00:00","2084460","796792","45.732329","4.864937"
"8030","134291294","Laënnec","Angle rue Nungesser et Coli","2005-06-28 00:00:00","2085610","797826","45.7414","4.87973"
"8034","134291298","Berthelot / Villon","Angle avenue Berthelot","2005-05-25 00:00:00","2085160","796584","45.7383","4.86276"
"8035","134291299","Sans Souci","Rue Edouard Rochet","2006-08-16 00:00:00","2086150","796745","45.7473","4.86528"
"8037","134291301","Cazeneuve","Rue Paul Cazeneuve - Angle du boulevard des Etats-Unis","2006-05-25 00:00:00","2084770","796665","45.7347","4.86381"
"8038","134291302","Albert Thomas / Villon","Angle rue Villon","2005-07-01 00:00:00","2086110","796899","45.7468","4.86728"
"8039","134291303","Pierre Delore","Angle rue Pierre Delore / route de Vienne","2006-06-05 00:00:00","2085180","795765","45.7387","4.85228"
"8040","134291304","Ambroise Paré","Face au 54 Boulevard Ambroise Paré","2006-05-23 00:00:00","2084980","798218","45.7362","4.88373"
"8041","134291305","Pinel","Bd pin","2007-10-10 00:00:00","2083660","797262","45.7294","4.8866"
"8042","134291306","Francis de Pressensé","Avenue Francis de Pressensé angle rue Paul Cazeneuve","2006-06-14 00:00:00","2084390","796358","45.7315","4.86026"
"8051","134291315","Hôpital St Jean de Dieu","313 route de Vienne","2007-06-17 00:00:00","2083470","795973","45.7243","4.85415"
"8052","134291316","Clinique Monplaisir","2 avenue des Frères Lumière","2007-10-10 00:00:00","2086100","796301","45.7466","4.86112"
"8053","134291317","Lumière / Trouilhet",,"2007-09-22 00:00:00","2085740","797134","45.7435","4.87008"
"8054","134291318","Martinière Monplaisir","34 rue Antoine Lumière","2007-09-11 00:00:00","2085440","796988","45.7409","4.8682"
"8056","134291320","Delore / Audibert et Lavi","69 rue Audibert et Lavirotte","2007-10-12 00:00:00","2084850","796117","45.7358","4.85681"
"8057","134291321","Vienne / Montagny","184 route de Vienne","2007-10-13 00:00:00","2084480","795869","45.7324","4.85342"
"8058","134291322","Longefer / Krüger","10 rue Krüger","2007-10-29 00:00:00","2085230","797758","45.7383","4.87838"
"8059","134291323","Laënnec / Pinel","rue Guillaume Paradin angle Pinel","2007-09-21 00:00:00","2084900","798677","45.7354","4.88958"
"8060","134291324","Santy / Beauvisage","Face au n°9 rue Pierre Verger","2007-09-21 00:00:00","2084430","797498","45.7317","4.87413"
"8061","134291325","Stade Vuillermet","184 avenue Paul Santy","2007-09-23 00:00:00","2083800","798074","45.7253","4.88142"
"9002","134292266","Mairie du 9°","Prox. métro Valmy","2005-07-06 00:00:00","2089000","792014","45.7742","4.80562"
"9003","134292267","Place Valmy","Rue Roquette / angle rue de Bourgogne","2005-07-04 00:00:00","2089170","792008","45.7756","4.80532"
"9004","134292268","Gare de Vaise","Face entrée de la gare","2005-05-27 00:00:00","2089720","791948","45.7799","4.8047"
"9006","134292270","Théâtre nouvelle Générati","Rue Tissot / angle rue de Bourgogne","2005-05-26 00:00:00","2089150","791718","45.7772","4.80335"
"9008","134292272","L île Barbe",,"2007-06-03 00:00:00","2091620","793715","45.7974","4.82908"
"9010","134292274","Piscine de Vaise","En face du n°37 avenue Sidoine Apollinaire","2006-06-16 00:00:00","2088640","791314","45.7709","4.79654"
"9011","134292275","Conservatoire","Quai Chauveau / angle Pont Koenig","2005-05-26 00:00:00","2088530","792579","45.7698","4.81267"
"9013","134292277","Quai Paul Sédallian","Angle rue de la Navigation","2005-09-25 00:00:00","2090540","792666","45.7874","4.81437"
"9014","134292278","Quai du Commerce","Angle rue Emile Duport","2005-09-06 00:00:00","2090120","792501","45.7843","4.81214"
"9020","134292284","Bourbonnais","Angle rue Horand / rue Masset","2005-06-17 00:00:00","2089020","791680","45.7735","4.80035"
"9022","134292286","Rue Masaryk / Saint Cyr","Angle rue Chinard/rue St Cyr","2005-05-26 00:00:00","2089490","792109","45.7786","4.80704"
"9029","134292293","Saint Pierre de Vaise","Place Vanderpol/Angle St Pierre de Vaise","2005-07-30 00:00:00","2088850","792209","45.7731","4.80781"
"9032","134292296","Place du Port Mouton","Quai Arloi","2005-06-20 00:00:00","2089060","792259","45.7738","4.8095"
"9033","134292297","Gorge de Loup",,"2006-06-20 00:00:00","2088420","791565","45.7674","4.80564"
"9040","134292304","Place Rodiaceta","53 rue Chapeau Rouge","2007-10-27 00:00:00","2088650","792189","45.771","4.80761"
"9041","134292305","Carret / Sédallian","30 quai Paul Sédallian","2007-11-08 00:00:00","2091100","793140","45.7926","4.82063"
"9042","134292306","Clinique Saint Louis","92 rue du Bourbonnais","2007-10-31 00:00:00","2090390","792420","45.7737","4.79542"
"9043","134292307","Marietton Ouest","78 rue Marietton","2007-10-26 00:00:00","2089210","791559","45.7761","4.79971"
"9044","134292308","Masset / Saint Pierre de","Rue Saint Pierre de Vaise","2007-10-25 00:00:00","2088580","791663","45.7705","4.8009"
"9049","134292313","Sergent Berthet / Gorge d","6 rue Gorge de Loup","2007-10-30 00:00:00","2088540","792012","45.7701","4.80515"
"9050","134292314","9050 - ALLEE DE LEUROPE",,"0000-00-00 00:00:00","2090020","791108","45.754739","4.840937"
"9051","134292315","9051 - ANDREI SAKHAROV",,"0000-00-00 00:00:00","2090320","791330","45.786522","4.796895"
"9052","134292316","Balmont","332 bd de Balmont","2007-11-02 00:00:00","2090640","791500","45.7893","4.79916"
"10001","134293265","IUT Feyssine",,"0000-00-00 00:00:00","2090520","797939","45.7856","4.88241"
"10002","134293266","INSA","Avenue Albert Einstein au niveau du virage","2005-07-20 00:00:00","2090080","797524","45.7822","4.87688"
"10004","134293268","Tonkin","Rue Salvador Allende / Angle promenade du Lys","2005-06-01 00:00:00","2089370","796421","45.7762","4.86264"
"10005","134293269","Boulevard du 11 novembre","Face Entrée du Parc de la Tête d Or","2005-06-03 00:00:00","2089730","796252","45.7797","4.85987"
"10006","134293270","Charpennes","Place Charles Hernu / côté sud","2005-09-14 00:00:00","2088720","796478","45.7702","4.86313"
"10007","134293271","Piaton / Condorcet","Av Piaton / angle Condorcet","2005-05-31 00:00:00","2089160","796798","45.7742","4.8675"
"10008","134293272","Salengro / Vaillant","Rue Roger Salengro - Angle rue Vaillant","2006-06-19 00:00:00","2089660","797752","45.7787","4.87943"
"10011","134293275","Gratte Ciel",,"2006-05-23 00:00:00","2088660","797915","45.7692","4.88058"
"10012","134293276","Zola / France","Rue de France/Angle Cours Emile Zola","2005-05-31 00:00:00","2088500","798368","45.768","4.88722"
"10013","134293277","Cusset",,"2006-05-24 00:00:00","2088350","799398","45.765","4.90113"
"10014","134293278","Gare Laurent Bonnevay",,"0000-00-00 00:00:00","2088210","800141","45.7651","4.90981"
"10016","134293280","Place de la Paix","En face du n°10 place de la Paix","2007-09-26 00:00:00","2086820","800571","45.7521","4.91464"
"10018","134293282","Tolstoï / Florian","Rue Florian/Angle Cours Tolstoï","2005-06-02 00:00:00","2087830","797883","45.7617","4.88073"
"10021","134293285","Grandclément","Angle cours Tolstoï","2005-10-25 00:00:00","2087610","798615","45.7597","4.88986"
"10024","134293288","Maisons Neuves","Place des Maisons Neuves/Côté rue Jean Jaurès","2005-06-09 00:00:00","2087200","797733","45.756","4.87734"
"10025","134293289","Totem",,"2006-10-08 00:00:00","2088000","797342","45.7636","4.87331"
"10027","134293291","Mairie de Villeurbanne","Avenue Aristide Bria","2005-06-09 00:00:00","2088360","797820","45.7669","4.87997"
"10028","134293292","Ecole de musique","Cours de la République/Angle Anatole France","2005-06-16 00:00:00","2088430","797346","45.7675","4.87396"
"10030","134293294","Greuze",,"2006-10-13 00:00:00","2089190","798865","45.774","4.89382"
"10031","134293295","10031 - CROIX LUIZET",,"0000-00-00 00:00:00","2089900","798036","45.780566","4.88324"
"10032","134293296","Primat / Decorps","Rue Antoine Primat/Angle rue Decorps","2005-09-27 00:00:00","2087350","799411","45.7582","4.8986"
"10034","134293298","Docteur Damidot","Devant la MJC","2005-05-30 00:00:00","2087830","798321","45.7618","4.88615"
"10035","134293299","Boiron Grangé",,"2006-10-27 00:00:00","2088140","799436","45.763","4.9004"
"10036","134293300","Stalingrad","Boulevard Stalingrad/angle rue Charlie Chaplin","2005-06-23 00:00:00","2089160","796161","45.7743","4.85908"
"10038","134293302","Condorcet","Bvd 11 Nov./prox. arret tram Condorcet","2005-10-08 00:00:00","2089690","796646","45.7791","4.86653"
"10039","134293303","Bouvier","Rue Professeur Bouvier/Angle rue du 8 mai 1945","2005-06-13 00:00:00","2089790","798666","45.7795","4.8915"
"10041","134293305","Kimmerling",,"2006-06-21 00:00:00","2086870","799343","45.753","4.89886"
"10043","134293307","Salengro / Feyssine",,"2006-06-08 00:00:00","2090190","798586","45.783","4.89058"
"10046","134293310","Charmettes/Zola","Rue des Charmettes/Angle Cours Emile Zola","2005-05-28 00:00:00","2088760","796794","45.7708","4.86715"
"10047","134293311","Lherminier/Pressensé","Avenue du Cdt Lherminier/Angle rue F. de Pressensé","2005-06-01 00:00:00","2088860","798182","45.7712","4.88499"
"10048","134293312","Place Marengo",,"2006-06-30 00:00:00","2087520","797511","45.7593","4.87589"
"10049","134293313","Pressensé","Rue Francis de Pressensé/angle 8 mai 1945","2005-09-27 00:00:00","2088680","799113","45.7692","4.89672"
"10053","134293317","Rosselini / 11 Novembre",,"2006-10-16 00:00:00","2089690","796406","45.7794","4.8629"
"10054","134293318","Stalingrad / Meliès",,"2006-06-13 00:00:00","2089410","796178","45.7767","4.85952"
"10055","134293319","Condorcet / Galline","Avenue Galline/angle av. de Condorcet","2005-06-02 00:00:00","2089400","796785","45.7765","4.86711"
"10056","134293320","11 novembre / Gaston Berg","Avenue du 11 Nov./angle av Gaston Berger","2005-05-30 00:00:00","2089710","797155","45.7791","4.87195"
"10058","134293322","Métro Flachet",,"2006-07-23 00:00:00","2088410","798766","45.7671","4.89215"
"10059","134293323","Anatole France / Zola","Rue Anatole France","2005-05-28 00:00:00","2088610","798148","45.7689","4.88424"
"10060","134293324","Saint Exupéry","Avenue Antoine Saint Exupery","2005-07-19 00:00:00","2087460","797792","45.7588","4.87897"
"10061","134293325","République","Cours Emile Zola/Angle cours de la République","2005-10-06 00:00:00","2088780","797321","45.7708","4.87296"
"10063","134293327","Perrin / Jean Jaurès",,"2006-07-07 00:00:00","2087440","798266","45.7584","4.88549"
"10064","134293328","4 Aoùt 1789","Angle Rue Rollet/Blanqui","2005-06-01 00:00:00","2088150","798046","45.7648","4.88432"
"10070","134293334","Stade Cyprian",,"2006-08-05 00:00:00","2086820","799506","45.7523","4.90142"
"10071","134293335","Lycée Marie Curie",,"2006-07-16 00:00:00","2087720","799121","45.7616","4.89645"
"10072","134293336","Jacques Brel","Rue Jacques Brel/angle rue Korel","2005-09-20 00:00:00","2089160","796569","45.7741","4.86401"
"10073","134293337","Institut d Art Contempora","Rue Docteur Dolard / Angle rue 4 Septembre","2005-10-26 00:00:00","2087790","797225","45.7615","4.87246"
"10074","134293338","Zola / passage Rey","Cours E. Zola / Angle passage Rey","2005-10-07 00:00:00","2088730","797513","45.7701","4.87695"
"10075","134293339","Gabriel Péri","Angle cours André Philip","2005-06-29 00:00:00","2088950","796682","45.7723","4.8657"
"10079","134293343","Anatole France / Barbusse","Rue Anatole France/Angle av Barbusse","2005-06-01 00:00:00","2088520","797761","45.7681","4.87916"
"10080","134293344","Vaillant / Perroncel",,"2006-07-28 00:00:00","2089320","797811","45.7754","4.88029"
"10083","134293347","Château Gaillard / Bienve",,"2006-09-09 00:00:00","2088350","799199","45.7778","4.88398"
"10084","134293348","La Doua / avenue des Arts",,"0000-00-00 00:00:00","2090210","797136","45.7836","4.87167"
"10086","134293350","Anatole France","Angle Rue de Préssensé / Flachet","2005-06-05 00:00:00","2088720","798548","45.7698","4.88952"
"10087","134293351","Baratin","Face au 115 rue Pierre Baratin","2006-06-30 00:00:00","2087720","799436","45.7605","4.90067"
"10088","134293352","4 aoùt 1789 / Pressensé",,"2006-06-28 00:00:00","2088350","799199","45.7662","4.89787"
"10089","134293353","Colin / Ottavi","Rue Colin - Angle rue Ottavi","2006-05-25 00:00:00","2089070","797340","45.7731","4.87425"
"10091","134293355","Château Gaillard / Fort",,"2006-06-28 00:00:00","2089260","798419","45.7748","4.88804"
"10092","134293356","Montgolfier / Château Gai","41 rue Montgolfier","2007-11-03 00:00:00","2088940","798603","45.7716","4.8904"
"10101","134293365","Einstein / Boulevard du 1",,"2005-09-17 00:00:00","2089760","797295","45.7795","4.87433"
"10102","134293366","La Doua / rue Gaston Berg",,"0000-00-00 00:00:00","2089900","797095","45.7809","4.87132"
"10103","134293367","La Doua / Rue des Sports",,"0000-00-00 00:00:00","2090340","797524","45.7845","4.8774"
"10110","134293374","Mémoire et Société",,"2006-09-26 00:00:00","2087580","798044","45.7596","4.88281"
"10111","134293375","Charles Hernu",,"2006-09-20 00:00:00","2088700","796366","45.7703","4.86226"
"10112","134293376","Place de la Reconnaissanc",,"2006-08-13 00:00:00","2086970","798427","45.7545","4.88514"
"10113","134293377","Gare de Villeurbanne","4 avenue Paul Krüger","2007-10-30 00:00:00","2087160","798766","45.7558","4.89149"
"10114","134293378","Bel Air / Les Brosses","En face du n°2 avenue de Bel Air","2007-10-25 00:00:00","2087470","800209","45.7581","4.91062"
"10115","134293379","Place d Espagne / Stade K","133 avenue Paul Krüger","2007-11-04 00:00:00","2087040","799779","45.7541","4.90566"
"10116","134293380","Blum / Faïs","171 rue Léon Blum","2007-09-25 00:00:00","2087740","799851","45.7606","4.90621"
"10117","134293381","La Perallière",,"2007-05-19 00:00:00","2088140","798783","45.7646","4.89233"
"10118","134293382","Voyant / Chambord","92 rue Voyant","2007-10-31 00:00:00","2088470","799411","45.7672","4.9006"
"10119","134293383","Villeurbanne Saint Jean",,"2007-11-08 00:00:00","2089930","799673","45.7765","4.90132"
"10120","134293384","Salengro / Descartes","39 rue Roger Salengro","2007-09-26 00:00:00","2089360","797126","45.7763","4.87163"
"10121","134293385","Parc du Centre","Angle Rue Billon / Rue F. De Pressense","2007-05-31 00:00:00","2088930","797716","45.7719","4.87906"
"10122","134293386","Verdun / Desgrand","13 rue de Verdun","2007-10-31 00:00:00","2090320","799083","45.7841","4.89708"
"11001","134294265","Gare de Cuire",,"2007-10-31 00:00:00","2090390","794166","45.7861","4.8338"
"11002","134294266","Saint Clair","49 cours Aristide Briand","0000-00-00 00:00:00","2090370","795264","45.7857","4.8483"
"12001","134295265","La Soie","Rue de la Poudrette","0000-00-00 00:00:00","2087780","801013","45.7608","4.9206"
"12002","134295266","12002 - POUDRETTE LA SOIE",,"0000-00-00 00:00:00","2088170","800896","45.764454","4.919"
